<application>
  <component name="GitRememberedInputs">
    <option name="visitedUrls">
      <list>
        <UrlAndUserName>
          <option name="url" value="http://10.0.10.51:81/dubbo-center/kada-center.git" />
          <option name="userName" value="" />
        </UrlAndUserName>
        <UrlAndUserName>
          <option name="url" value="http://10.0.10.51:81" />
          <option name="userName" value="wangzhigang" />
        </UrlAndUserName>
        <UrlAndUserName>
          <option name="url" value="http://10.0.10.51:81/hb_server/kada-server.git" />
          <option name="userName" value="" />
        </UrlAndUserName>
        <UrlAndUserName>
          <option name="url" value="http://10.0.10.51:81/hhdd-common/hhdd-common.git" />
          <option name="userName" value="" />
        </UrlAndUserName>
        <UrlAndUserName>
          <option name="url" value="http://10.0.10.51:81/BI/AgeFunction.git" />
          <option name="userName" value="" />
        </UrlAndUserName>
      </list>
    </option>
    <option name="cloneParentDir" value="/workspace/hhdd" />
  </component>
  <component name="VcsApplicationSettings">
    <option name="COMMIT_FROM_LOCAL_CHANGES" value="true" />
  </component>
</application>