<keymap version="1" name="XWin 副本" parent="Default for XWin">
  <action id="$Redo">
    <keyboard-shortcut first-keystroke="shift alt back_space" />
    <keyboard-shortcut first-keystroke="shift alt z" />
  </action>
  <action id="$Undo">
    <keyboard-shortcut first-keystroke="alt back_space" />
    <keyboard-shortcut first-keystroke="alt z" />
  </action>
  <action id="AddToFavoritesPopup" />
  <action id="Back">
    <keyboard-shortcut first-keystroke="ctrl alt left" />
    <mouse-shortcut keystroke="button4" />
    <keyboard-shortcut first-keystroke="shift ctrl alt h" />
  </action>
  <action id="Console.TableResult.EditValueMaximized">
    <keyboard-shortcut first-keystroke="shift enter" />
  </action>
  <action id="Diff.NextChange" />
  <action id="Diff.PrevChange" />
  <action id="EditorAddCaretPerSelectedLine" />
  <action id="EditorCompleteStatement">
    <keyboard-shortcut first-keystroke="shift alt enter" />
  </action>
  <action id="EditorDeleteLine">
    <keyboard-shortcut first-keystroke="ctrl y" />
    <keyboard-shortcut first-keystroke="shift ctrl back_space" />
  </action>
  <action id="EditorLineEnd">
    <keyboard-shortcut first-keystroke="alt right" />
  </action>
  <action id="EditorLineEndWithSelection">
    <keyboard-shortcut first-keystroke="shift alt right" />
  </action>
  <action id="EditorLineStart">
    <keyboard-shortcut first-keystroke="alt left" />
  </action>
  <action id="EditorLineStartWithSelection">
    <keyboard-shortcut first-keystroke="shift alt left" />
  </action>
  <action id="EditorLookupUp" />
  <action id="EditorScrollUp" />
  <action id="EditorSelectWord">
    <keyboard-shortcut first-keystroke="ctrl up" />
  </action>
  <action id="FindInPath">
    <keyboard-shortcut first-keystroke="shift alt f" />
  </action>
  <action id="Forward">
    <keyboard-shortcut first-keystroke="ctrl alt right" />
    <mouse-shortcut keystroke="button5" />
    <keyboard-shortcut first-keystroke="shift ctrl alt j" />
  </action>
  <action id="GotoClass">
    <keyboard-shortcut first-keystroke="ctrl n" />
    <keyboard-shortcut first-keystroke="shift alt o" />
  </action>
  <action id="JumpToLastChange" />
  <action id="MethodOverloadSwitchUp" />
  <action id="NextEditorTab" />
  <action id="NextTab" />
  <action id="PopupHector" />
  <action id="PreviousEditorTab" />
  <action id="PreviousTab" />
  <action id="SearchEverywhere.NavigateToPrevGroup">
    <keyboard-shortcut first-keystroke="page_up" />
  </action>
  <action id="SelectAllOccurrences" />
  <action id="SelectVirtualTemplateElement" />
  <action id="SplitChooser" />
  <action id="编辑器Redo">
    <keyboard-shortcut first-keystroke="shift alt z" />
  </action>
  <action id="编辑器Undo">
    <keyboard-shortcut first-keystroke="alt z" />
  </action>
</keymap>